Name,Club Name,Competition Name,Equivalent Competition,Level,Gender,Season,Factor,GP,MIN,PTS,DR,OR,REB,AST,STL,BLK,BLKON,FOUL,FOULON,TO,FGM,FGA,FG%,2PM,2PA,2P%,3PM,3PA,3P%,FTM,FTA,FT%
Jared Swanson,Shepparton,Division One Men,Division 1 Men,Senior,Male,2006,0.833333333,20,39.29,31.75,9.75,4.5,14.25,3.17,2.46,0.29,0.0,2.79,0.0,4.54,12.58,29.37,0.428,12.58,28.75,0.438,0.0,0.62,0.0,6.58,9.75,0.675
Timothy Gainey,Warrnambool,SCM 2008,Championship Men,Senior,Male,2008,0.833333333,20,38.71,17.96,6.21,2.62,8.83,1.92,0.62,1.37,0.79,3.0,3.67,3.62,6.37,16.71,0.381,4.37,10.12,0.432,2.0,6.58,0.304,3.21,4.08,0.787
Dean Rzechta,Maccabi,D2M 2007,Division 2 Men,Senior,Male,2007,0.833333333,1,38.33,31.67,3.33,3.33,6.67,3.33,0.83,0.0,0.0,1.67,0.0,2.5,9.17,20.83,0.44,5.83,12.5,0.466,3.33,8.33,0.4,10.0,13.33,0.75
Bart Strzebonski,La Trobe University,Division One Men,Division 1 Men,Senior,Male,2009,0.833333333,1,38.33,13.33,4.17,0.83,5.0,4.17,0.83,0.0,0.0,0.83,4.17,3.33,5.0,15.83,0.316,2.5,8.33,0.3,2.5,7.5,0.333,0.83,4.17,0.199
Brett Jarosz,Wyndham,VBL Premier Men,Division 1 Men,Senior,Male,2003,0.833333333,20,38.12,21.04,6.04,2.79,8.83,3.12,2.0,0.58,0.0,2.67,0.0,3.08,7.75,18.87,0.411,6.71,15.46,0.434,1.04,3.42,0.304,6.58,7.96,0.827
Paul Fridman,Maccabi,VBL Premier Men,Division 1 Men,Senior,Male,2003,0.833333333,21,37.98,12.34,3.61,0.95,4.56,7.82,3.61,0.24,0.0,2.78,0.0,5.67,6.19,20.44,0.303,4.05,12.5,0.324,2.14,7.94,0.27,2.1,2.94,0.714
Kevin Probert,Bendigo,YL1M 2007,Victorian Youth Championship Men,Youth,Male,2007,0.833333333,2,37.92,18.75,3.33,0.83,4.17,4.58,3.75,0.42,0.0,2.5,0.0,3.75,5.0,13.33,0.375,3.33,7.08,0.47,1.67,6.25,0.267,7.08,10.0,0.708
Thomas Burns,McKinnon,Division Two Men,Division 2 Men,Senior,Male,2006,0.833333333,20,37.92,17.17,5.17,1.33,6.5,6.0,2.21,0.25,0.0,2.33,0.0,4.67,6.08,16.21,0.375,4.58,10.71,0.428,1.5,5.5,0.273,3.5,6.04,0.579
Lee Jeka,Wyndham,SCM 2004,Championship Men,Senior,Male,2004,0.833333333,13,37.82,27.95,3.27,1.73,5.0,3.53,1.67,0.0,0.0,1.6,0.0,4.1,13.33,30.38,0.439,10.45,22.5,0.464,2.88,7.88,0.365,4.17,5.58,0.747
John Constance,Chelsea,VBL Division 1 Men,Division 2 Men,Senior,Male,2003,0.833333333,22,37.8,14.73,3.14,1.25,4.39,4.24,2.08,0.15,0.0,2.2,0.0,2.42,7.73,21.55,0.359,5.8,14.85,0.391,1.93,6.7,0.288,1.21,1.7,0.712
Sean Mccall,Coburg,Division One Men,Division 1 Men,Senior,Male,2005,0.833333333,2,37.5,25.42,7.5,3.75,11.25,1.67,2.92,1.25,0.0,2.92,0.0,5.0,9.17,20.83,0.44,7.92,15.0,0.528,1.25,5.83,0.214,5.83,9.58,0.609
Warren Estcourt,Bulleen,VBL Division 1 - Men,Division 2 Men,Senior,Male,2002,0.833333333,1,37.5,2.5,6.67,0.0,6.67,5.83,0.0,0.0,0.0,2.5,0.0,1.67,10.0,26.67,0.375,1.67,7.5,0.223,8.33,19.17,0.435,4.17,5.0,0.834
Vashon Weaver,Latrobe City,SCM 2007,Championship Men,Senior,Male,2007,0.833333333,19,37.37,18.33,5.22,2.24,7.46,4.82,1.05,0.44,0.0,2.81,0.0,5.0,6.93,15.88,0.436,6.27,12.68,0.494,0.66,3.2,0.206,3.82,6.05,0.631
Lee Jeka,Wyndham,SCM 2005,Championship Men,Senior,Male,2005,0.833333333,9,37.31,22.5,5.28,1.57,6.85,5.0,1.39,0.19,0.0,0.83,0.0,3.7,8.43,20.46,0.412,6.57,14.44,0.455,1.85,6.02,0.307,3.8,5.37,0.708
Caitlin Shaw,Diamond Valley,VBL Division 1 - Women,Division 2 Women,Senior,Female,2002,0.833333333,24,37.29,13.4,4.34,1.28,5.62,2.26,2.88,0.07,0.0,1.84,0.0,3.33,7.29,24.06,0.303,4.34,14.2,0.306,2.95,9.86,0.299,1.77,2.43,0.728
Travis Banko,Echuca,VBL Division 1 - Men,Division 2 Men,Senior,Male,2002,0.833333333,20,37.25,21.0,3.25,1.42,4.67,3.83,1.96,0.08,0.0,2.33,0.0,6.08,8.67,20.92,0.414,7.58,17.08,0.444,1.08,3.83,0.282,4.75,6.42,0.74
Curtis Small,Warrnambool,SCM 2004,Championship Men,Senior,Male,2004,0.833333333,23,37.14,26.2,2.43,1.01,3.44,2.97,1.92,0.11,0.0,2.14,0.0,3.12,13.33,29.71,0.449,9.96,20.62,0.483,3.37,9.09,0.371,2.9,3.26,0.89
Nathan Sellwood,Sunbury,VBL Premier - Men,Division 1 Men,Senior,Male,2002,0.833333333,27,37.13,23.09,3.73,1.64,5.37,4.1,1.73,0.03,0.0,1.3,0.0,2.84,10.03,24.23,0.414,8.09,19.01,0.426,1.94,5.22,0.372,4.97,6.57,0.756
Nathan Crosswell,Sandringham,SCM 2004,Championship Men,Senior,Male,2004,0.833333333,21,36.98,21.27,3.41,0.87,4.29,6.23,1.75,0.04,0.0,1.98,0.0,3.65,8.29,17.58,0.472,7.5,15.08,0.497,0.79,2.5,0.316,5.48,6.71,0.817
Sam Belt,Ringwood,SCM 2009,Championship Men,Senior,Male,2009,0.833333333,22,36.93,22.65,7.39,2.5,9.89,2.77,0.91,0.64,0.8,1.89,3.45,2.35,7.27,18.03,0.403,3.22,6.97,0.462,4.05,11.06,0.366,4.05,5.68,0.713
Brad Salter,Wyndham,SCM 2004,Championship Men,Senior,Male,2004,0.833333333,20,36.92,13.71,4.79,2.12,6.92,4.42,2.83,0.08,0.0,2.71,0.0,2.42,6.12,13.96,0.438,4.92,10.42,0.472,1.21,3.54,0.342,2.67,3.58,0.746
Bryan Short,Hume City,VBL Division 1 - Men,Division 2 Men,Senior,Male,2002,0.833333333,29,36.87,18.02,3.99,1.9,5.89,4.08,1.84,0.29,0.0,1.55,0.0,2.76,7.7,20.8,0.37,5.69,15.17,0.375,2.01,5.63,0.357,4.63,6.24,0.742
Bobby Cunningham,Warrnambool,SCM 2003,Championship Men,Senior,Male,2003,0.833333333,22,36.86,18.94,10.34,2.84,13.18,6.86,3.45,0.42,0.0,3.33,0.0,4.32,9.17,22.92,0.4,6.59,15.42,0.427,2.58,7.5,0.344,3.18,4.2,0.757
Daryl Corletto,Ringwood,SCM 2003,Championship Men,Senior,Male,2003,0.833333333,23,36.85,27.9,3.59,2.14,5.72,2.54,1.96,0.4,0.0,2.17,0.0,2.07,11.88,23.48,0.506,10.04,18.15,0.553,1.85,5.33,0.347,5.98,6.78,0.882
Jonathon Lee,Bulleen,SCM 2004,Championship Men,Senior,Male,2004,0.833333333,22,36.82,15.68,3.07,1.06,4.13,3.79,1.82,0.11,0.0,2.5,0.0,3.41,6.59,18.37,0.359,5.87,15.15,0.387,0.72,3.22,0.224,3.22,4.92,0.654
Mick Hill,Sherbrooke,SCM 2005,Championship Men,Senior,Male,2005,0.833333333,23,36.81,28.91,6.09,1.74,7.83,5.58,1.85,0.25,0.0,2.86,0.0,4.35,10.83,21.74,0.498,8.7,15.8,0.551,2.14,5.94,0.36,5.11,6.52,0.784
Dean Rzechta,Maccabi,VBL Premier Men,Division 1 Men,Senior,Male,2003,0.833333333,19,36.8,26.54,6.67,3.25,9.91,1.84,2.24,0.09,0.0,3.11,0.0,3.29,10.61,26.89,0.395,9.12,21.4,0.426,1.49,5.48,0.272,6.8,8.64,0.787
Glen Barlow,Latrobe City,SCM 2009,Championship Men,Senior,Male,2009,0.833333333,20,36.75,13.54,8.37,4.54,12.92,3.12,0.96,0.62,0.83,3.33,2.67,2.08,5.42,10.87,0.499,5.37,10.79,0.498,0.04,0.08,0.5,2.67,4.21,0.634
James Denton (Sk),Sherbrooke,Division One Men,Division 1 Men,Senior,Male,2009,0.833333333,24,36.74,12.57,3.23,1.18,4.41,2.74,1.46,0.17,0.62,2.36,3.19,2.15,4.48,10.94,0.41,4.17,9.55,0.437,0.31,1.39,0.223,3.3,4.41,0.748
David Barlow,Melbourne,SCM 2008,Championship Men,Senior,Male,2008,0.833333333,3,36.67,26.67,8.33,2.78,11.11,6.39,0.28,0.56,0.56,2.22,4.72,4.44,8.89,18.61,0.478,6.67,11.94,0.559,2.22,6.67,0.333,6.67,8.33,0.801
Nathan Taylor,Ringwood,SCM 2005,Championship Men,Senior,Male,2005,0.833333333,12,36.67,13.82,5.76,1.87,7.64,1.6,0.42,0.56,0.0,2.5,0.0,2.43,5.0,10.83,0.462,3.68,6.74,0.546,1.32,4.1,0.322,2.5,3.47,0.72
Jeff Reid,Latrobe City,SCM 2006,Championship Men,Senior,Male,2006,0.833333333,20,36.54,20.08,4.12,1.62,5.75,3.96,2.21,0.04,0.0,2.87,0.0,2.92,6.83,17.54,0.389,3.29,7.29,0.451,3.54,10.25,0.345,2.87,4.08,0.703
Brett Rainbow,Ringwood,SCM 2005,Championship Men,Senior,Male,2005,0.833333333,24,36.39,18.78,3.65,1.15,4.79,2.12,0.94,0.59,0.0,1.81,0.0,3.02,6.56,15.31,0.428,3.96,7.95,0.498,2.6,7.36,0.353,3.06,3.78,0.81
Nicole Pavic,Diamond Valley,VBL Division 1 - Women,Division 2 Women,Senior,Female,2002,0.833333333,19,36.36,25.31,9.47,4.52,13.99,2.02,1.67,2.37,0.0,2.28,0.0,2.59,10.26,28.46,0.361,9.39,25.7,0.365,0.88,2.76,0.319,5.66,8.73,0.648
Luke Mcmillan,Ringwood,SCM 2005,Championship Men,Senior,Male,2005,0.833333333,23,36.34,23.01,6.59,2.57,9.17,1.99,0.47,1.41,0.0,2.72,0.0,2.64,8.73,17.93,0.487,8.04,15.91,0.505,0.69,2.03,0.34,4.86,6.92,0.702
Greg Smith,Hume City,SCM 2007,Championship Men,Senior,Male,2007,0.833333333,22,36.33,13.18,4.62,1.06,5.68,5.61,1.48,0.34,0.0,2.92,0.0,2.99,4.73,11.97,0.395,3.33,6.44,0.517,1.4,5.53,0.253,2.31,3.98,0.58
Mick Hill,Sherbrooke,SCM 2004,Championship Men,Senior,Male,2004,0.833333333,20,36.25,29.17,4.58,1.58,6.17,4.37,1.58,0.12,0.0,2.96,0.0,4.0,13.58,30.62,0.444,10.75,23.12,0.465,2.83,7.5,0.377,4.83,6.54,0.739
Mitchell Creek,Horsham,Division Two Men,Division 2 Men,Senior,Male,2009,0.833333333,2,36.25,26.25,7.5,5.83,13.33,3.75,0.83,0.83,0.83,2.92,6.25,5.42,11.25,19.17,0.587,11.25,18.75,0.6,0.0,0.42,0.0,3.75,7.92,0.473
Gili Smolboard,Maccabi,D2M 2007,Division 2 Men,Senior,Male,2007,0.833333333,4,36.25,19.79,3.33,0.62,3.96,2.71,2.92,0.0,0.0,3.54,0.0,6.67,5.21,16.04,0.325,2.08,7.29,0.285,3.12,8.75,0.357,6.25,8.12,0.77
Tracy Tuesley,Whittlesea,VBL Premier - Women,Division 1 Women,Senior,Female,2002,0.833333333,2,36.25,10.42,8.75,7.92,16.67,0.0,3.33,0.42,0.0,3.75,0.0,7.5,5.0,12.5,0.4,5.0,12.08,0.414,0.0,0.42,0.0,0.42,1.67,0.251
Timothy Gainey,Warrnambool,Division One Men,Division 1 Men,Senior,Male,2009,0.833333333,15,36.22,17.89,7.39,3.39,10.78,1.56,1.72,1.89,0.72,2.78,4.0,3.39,6.56,16.28,0.403,5.0,11.89,0.421,1.56,4.39,0.355,3.22,4.56,0.706
Vashon Weaver,Latrobe City,SCM 2003,Championship Men,Senior,Male,2003,0.833333333,22,36.17,23.11,5.68,2.05,7.73,3.86,1.82,0.53,0.0,3.03,0.0,4.62,8.9,20.87,0.426,8.45,18.41,0.459,0.45,2.46,0.183,5.76,8.26,0.697
Daryl Corletto,Melbourne,SCM 2008,Championship Men,Senior,Male,2008,0.833333333,16,36.09,17.55,4.74,0.52,5.26,7.4,1.09,0.16,0.26,1.41,2.86,2.14,5.62,10.99,0.511,3.54,6.2,0.571,2.08,4.79,0.434,4.22,4.58,0.921
Jason Pepper,Shepparton,SCM 2003,Championship Men,Senior,Male,2003,0.833333333,28,36.04,21.58,6.34,2.74,9.08,2.68,3.1,0.48,0.0,3.18,0.0,4.26,9.46,18.75,0.505,8.72,16.34,0.534,0.74,2.41,0.307,3.39,5.36,0.632
Jordan Hill,Shepparton,D2M 2007,Division 2 Men,Senior,Male,2007,0.833333333,8,36.04,20.73,5.94,0.62,6.56,3.44,1.25,0.31,0.0,3.33,0.0,2.71,7.5,17.08,0.439,3.75,7.29,0.514,3.75,9.79,0.383,1.98,2.92,0.678
Bobby Cunningham,Warrnambool,SCM 2004,Championship Men,Senior,Male,2004,0.833333333,23,36.01,14.96,8.55,2.25,10.8,7.83,2.93,0.18,0.0,3.41,0.0,5.11,7.07,19.49,0.363,5.07,12.9,0.393,1.99,6.59,0.302,2.83,3.77,0.751
Matthew Gange,Mildura,Division One Men,Division 1 Men,Senior,Male,2007,0.833333333,26,35.99,20.1,5.06,1.89,6.96,2.56,1.51,0.26,0.0,1.83,0.0,2.88,7.15,15.87,0.451,4.49,9.29,0.483,2.66,6.57,0.405,3.14,4.2,0.748
Dionne Fenton,Wyndham,Championship Women 2002,Championship Women,Senior,Female,2002,0.833333333,24,35.94,14.03,7.12,4.1,11.22,0.94,1.42,1.04,0.0,2.12,0.0,3.85,5.56,13.61,0.409,5.56,13.44,0.414,0.0,0.17,0.0,2.92,5.59,0.522
Jane Chalmers,Echuca,VBL Division 1 - Women,Division 2 Women,Senior,Female,2002,0.833333333,10,35.92,15.0,4.67,1.58,6.25,5.83,3.25,0.17,0.0,3.42,0.0,5.33,5.67,17.58,0.323,5.5,15.67,0.351,0.17,1.92,0.089,3.83,5.42,0.707
Jared Swanson,Southern Peninsula,Division One Men,Division 1 Men,Senior,Male,2008,0.833333333,22,35.91,22.73,6.89,2.84,9.73,2.27,1.21,0.38,0.57,3.3,5.04,2.77,9.17,20.72,0.443,9.09,20.15,0.451,0.08,0.57,0.14,4.32,6.89,0.627
Damien Smith,Sherbrooke,SCM 2004,Championship Men,Senior,Male,2004,0.833333333,25,35.9,19.17,2.57,0.7,3.27,5.03,1.47,0.17,0.0,2.73,0.0,3.3,9.63,22.07,0.436,6.87,14.63,0.47,2.77,7.43,0.373,2.67,3.67,0.728
Vashon Weaver,Latrobe City,SCM 2006,Championship Men,Senior,Male,2006,0.833333333,15,35.89,16.22,4.83,1.94,6.78,3.56,0.89,0.22,0.0,2.33,0.0,4.33,5.89,16.0,0.368,4.28,10.06,0.425,1.61,5.94,0.271,2.83,4.5,0.629
Curtis Small,Warrnambool,SCM 2005,Championship Men,Senior,Male,2005,0.833333333,26,35.87,24.49,3.14,0.83,3.97,3.78,1.28,0.13,0.0,1.6,0.0,3.17,8.85,19.17,0.462,5.13,10.42,0.492,3.72,8.75,0.425,3.08,3.59,0.858
Mike Spears,Hume City,SCM 2006,Championship Men,Senior,Male,2006,0.833333333,22,35.83,19.92,6.97,3.75,10.72,1.63,1.7,2.12,0.0,2.92,0.0,2.35,8.07,16.93,0.477,7.95,16.4,0.485,0.11,0.53,0.208,3.67,5.11,0.718
Sharon Fedke,Echuca,VBL Division 1 - Women,Division 2 Women,Senior,Female,2002,0.833333333,23,35.83,19.89,7.28,1.52,8.8,1.27,2.17,1.12,0.0,2.75,0.0,2.43,9.31,26.99,0.345,8.01,21.81,0.367,1.3,5.18,0.251,2.57,3.33,0.772
Scott Dixon,Kilsyth,YL1M 2007,Victorian Youth Championship Men,Youth,Male,2007,0.833333333,17,35.83,15.44,5.25,2.75,7.99,2.06,1.32,0.64,0.0,2.25,0.0,2.94,5.15,13.09,0.393,3.19,7.7,0.414,1.96,5.39,0.364,3.19,5.15,0.619
Erdoan Bakal,Coburg,VBL Division One Men (Reserve),Youth League 1 Men,Youth,Male,2004,0.833333333,23,35.76,17.72,3.08,2.14,5.22,3.99,1.01,0.29,0.0,1.7,0.0,3.59,7.93,16.7,0.475,7.07,14.42,0.49,0.87,2.28,0.382,2.72,3.3,0.824
Thomas Burns,McKinnon,D2M 2005,Division 2 Men,Senior,Male,2005,0.833333333,18,35.74,17.78,4.91,1.85,6.76,4.4,1.85,0.46,0.0,2.92,0.0,4.44,6.2,14.63,0.424,5.19,11.3,0.459,1.02,3.33,0.306,4.35,6.62,0.657
Marcus Johnson,Shepparton,SCM 2005,Championship Men,Senior,Male,2005,0.833333333,24,35.73,20.31,3.37,0.87,4.24,2.12,1.28,0.35,0.0,2.33,0.0,3.78,7.64,15.62,0.489,6.42,11.81,0.544,1.22,3.82,0.319,3.82,5.21,0.733
Jeremy Marsh,Altona,Division One Men,Division 1 Men,Senior,Male,2005,0.833333333,16,35.73,15.94,5.73,2.45,8.18,2.45,1.87,1.15,0.0,2.66,0.0,3.91,5.89,13.39,0.44,5.16,11.41,0.452,0.73,1.98,0.369,3.44,4.74,0.726
Glen Barlow,Mildura,Division One Men,Division 1 Men,Senior,Male,2007,0.833333333,25,35.67,19.43,10.63,3.33,13.97,3.0,1.4,0.67,0.0,2.9,0.0,3.77,7.17,15.17,0.473,7.17,14.87,0.482,0.0,0.3,0.0,5.1,7.97,0.64
Kevin Benn,Western Port,Division Three Men,Division 3 Men,Senior,Male,2008,0.833333333,23,35.65,17.5,9.02,5.54,14.57,1.49,0.58,0.69,0.76,3.37,5.04,4.17,7.36,12.07,0.61,7.36,12.03,0.612,0.0,0.04,0.0,2.79,5.94,0.47
Vashon Weaver,Latrobe City,SCM 2009,Championship Men,Senior,Male,2009,0.833333333,20,35.62,17.75,4.12,2.0,6.12,4.17,1.33,0.46,0.42,2.92,4.5,3.54,6.5,15.96,0.407,5.75,13.04,0.441,0.75,2.92,0.257,4.0,5.87,0.681
Jared Swanson,Shepparton,D2M 2007,Division 2 Men,Senior,Male,2007,0.833333333,7,35.6,26.55,7.98,2.86,10.83,1.79,1.31,0.12,0.0,2.26,0.0,3.1,10.6,26.31,0.403,9.4,22.26,0.422,1.19,4.05,0.294,4.17,5.83,0.715
Craig Wattie,Echuca,VBL Division 1 - Men,Division 2 Men,Senior,Male,2002,0.833333333,21,35.56,21.98,8.69,3.25,11.94,2.54,1.51,0.48,0.0,3.02,0.0,5.56,10.12,23.45,0.432,8.33,18.33,0.454,1.79,5.12,0.35,3.53,5.04,0.7
Scott Roberts,Western Port,VBL Division 1 - Men,Division 2 Men,Senior,Male,2002,0.833333333,26,35.54,15.0,8.17,2.69,10.87,2.02,0.9,3.4,0.0,2.85,0.0,2.85,5.96,12.72,0.469,5.83,12.18,0.479,0.13,0.54,0.241,3.21,5.0,0.642
Greg Smith,Hume City,SCM 2006,Championship Men,Senior,Male,2006,0.833333333,18,35.51,15.51,5.14,1.25,6.39,5.56,1.39,0.42,0.0,2.36,0.0,2.73,5.56,13.75,0.404,3.66,7.27,0.503,1.9,6.48,0.293,2.5,3.56,0.702
Terrence Watkins,Sherbrooke,VBL Premier - Men,Division 1 Men,Senior,Male,2002,0.833333333,24,35.45,21.6,7.88,3.12,11.01,1.84,1.18,0.8,0.0,2.22,0.0,2.85,10.52,21.08,0.499,8.4,16.98,0.495,2.12,4.1,0.517,3.26,4.37,0.746
Shaun Bruce,Horsham,Division Two Men,Division 2 Men,Senior,Male,2009,0.833333333,23,35.4,22.9,4.31,1.52,5.83,3.91,1.23,0.47,0.33,2.68,3.84,2.61,8.99,20.76,0.433,7.75,15.94,0.486,1.23,4.82,0.255,3.7,5.18,0.714
Ivan Platenik,Waverley,SCM 2009,Championship Men,Senior,Male,2009,0.833333333,18,35.37,23.61,7.36,4.49,11.85,1.99,0.93,0.97,1.11,2.5,5.93,2.69,8.94,18.06,0.495,8.89,17.73,0.501,0.05,0.32,0.156,5.69,8.75,0.65
Luke Cooper,Eltham,YL1M 2006,Victorian Youth Championship Men,Youth,Male,2006,0.833333333,10,35.33,12.75,3.17,1.33,4.5,7.33,2.08,0.08,0.0,1.58,0.0,4.42,4.25,9.5,0.447,3.5,6.33,0.553,0.75,3.17,0.237,3.5,5.58,0.627
Cameron Bruce,Horsham,Division Two Men,Division 2 Men,Senior,Male,2009,0.833333333,23,35.33,11.27,2.57,0.65,3.22,4.2,2.5,0.11,0.29,2.1,3.51,2.61,4.17,8.88,0.47,3.41,6.2,0.55,0.76,2.68,0.284,2.17,4.53,0.479
Adam Dixon,Sherbrooke,Division One Men,Division 1 Men,Senior,Male,2006,0.833333333,21,35.32,22.34,3.93,2.02,5.95,2.94,1.59,0.99,0.0,2.26,0.0,2.66,8.02,15.71,0.511,7.38,13.45,0.549,0.63,2.26,0.279,5.67,7.42,0.764
Tim Pickert,Horsham,Division Two Men,Division 2 Men,Senior,Male,2009,0.833333333,24,35.31,18.58,2.47,1.39,3.85,2.67,1.28,0.17,0.42,2.22,3.96,2.64,6.22,15.28,0.407,4.06,8.44,0.481,2.15,6.84,0.314,3.99,5.31,0.751
Thomas Burns,McKinnon,VBL Division One Men Championship,Division 2 Men,Senior,Male,2004,0.833333333,21,35.28,20.32,4.01,1.19,5.2,4.21,1.75,0.32,0.0,2.1,0.0,3.45,7.06,16.9,0.418,6.27,14.13,0.444,0.79,2.78,0.284,6.98,9.09,0.768
James Tsun,Maccabi,D2M 2007,Division 2 Men,Senior,Male,2007,0.833333333,19,35.26,14.25,2.89,0.7,3.6,3.9,1.67,0.13,0.0,1.97,0.0,4.3,5.18,15.57,0.333,3.11,7.41,0.42,2.06,8.16,0.252,1.84,3.11,0.592
Tommy Walsh,Western Port,Division Three Men,Division 3 Men,Senior,Male,2008,0.833333333,23,35.25,15.4,2.57,1.78,4.35,1.81,1.09,0.18,0.4,2.36,1.78,2.03,5.83,15.47,0.377,3.66,8.66,0.423,2.17,6.81,0.319,1.56,2.36,0.661
Patrick Jennings,Bendigo,YL1M 2007,Victorian Youth Championship Men,Youth,Male,2007,0.833333333,10,35.25,10.42,3.25,1.25,4.5,2.42,1.33,0.08,0.0,2.17,0.0,2.33,3.42,10.42,0.328,2.08,4.5,0.462,1.33,5.92,0.225,2.25,3.75,0.6
John Morris,Warrnambool,SCM 2008,Championship Men,Senior,Male,2008,0.833333333,16,35.21,18.18,6.15,1.15,7.29,1.67,0.68,0.31,0.62,2.76,3.12,3.91,6.72,17.55,0.383,4.22,9.43,0.448,2.5,8.12,0.308,2.24,3.8,0.589
Amanda Fenwick,Echuca,VBL Division 1 - Women,Division 2 Women,Senior,Female,2002,0.833333333,19,35.13,9.12,6.23,2.85,9.08,1.93,2.63,0.83,0.0,2.46,0.0,2.63,3.95,10.61,0.372,3.9,10.48,0.372,0.04,0.13,0.308,1.27,3.73,0.34
Willie Weimer,Ringwood,SCM 2005,Championship Men,Senior,Male,2005,0.833333333,24,35.1,14.13,3.61,1.49,5.1,3.16,0.97,0.17,0.0,2.95,0.0,3.75,5.28,13.75,0.384,3.44,8.16,0.422,1.84,5.59,0.329,1.74,2.67,0.652
Daryl Corletto,Melbourne,SCM 2006,Championship Men,Senior,Male,2006,0.833333333,16,35.05,19.69,4.01,0.68,4.69,3.44,0.99,0.05,0.0,1.3,0.0,2.03,7.29,17.97,0.406,4.58,9.53,0.481,2.71,8.44,0.321,2.4,3.33,0.721
Michelle Betson,Sunbury,VBL Premier - Women,Division 1 Women,Senior,Female,2002,0.833333333,20,35.04,14.04,4.12,1.87,6.0,1.96,2.12,0.08,0.0,3.54,0.0,3.83,5.37,15.25,0.352,4.75,12.08,0.393,0.62,3.17,0.196,3.92,6.37,0.615
Jonathon Lee,Bulleen,SCM 2005,Championship Men,Senior,Male,2005,0.833333333,24,35.03,13.16,2.92,0.83,3.75,4.24,2.26,0.1,0.0,2.26,0.0,3.82,5.03,13.54,0.371,4.37,10.9,0.401,0.66,2.64,0.25,2.43,3.99,0.609
Luke Goldstein,Maccabi,VBL Division 1 - Men,Division 2 Men,Senior,Male,2002,0.833333333,1,35.0,21.67,11.67,2.5,14.17,1.67,0.0,0.0,0.0,5.0,0.0,3.33,8.33,15.83,0.526,8.33,15.83,0.526,0.0,0.0,,5.0,10.0,0.5
Josh Smith,Bulleen,Division One Men,Division 1 Men,Senior,Male,2006,0.833333333,22,35.0,21.55,4.36,1.4,5.76,3.07,1.33,0.08,0.0,2.05,0.0,3.64,7.05,19.43,0.363,4.7,10.91,0.431,2.35,8.52,0.276,5.11,7.27,0.703
Tim Ireland,Hume City,Youth League 2 Men,Youth League 1 Men,Youth,Male,2006,0.833333333,2,35.0,11.67,2.5,0.42,2.92,2.92,1.67,0.42,0.0,2.92,0.0,3.75,3.75,11.25,0.333,3.75,9.58,0.391,0.0,1.67,0.0,4.17,6.67,0.625
Harry White,Oakleigh,Division Two Men,Division 2 Men,Senior,Male,2015,1.0,1,42.0,3.0,2.0,3.0,5.0,1.0,2.0,0.0,0.0,5.0,4.0,5.0,0.0,1.0,0.0,0.0,1.0,0.0,0.0,0.0,,3.0,4.0,0.75
Peter Leimonitis,Coburg,VBL Division One Men (Reserve),Youth League 1 Men,Youth,Male,2004,0.833333333,18,34.91,21.48,4.72,2.13,6.85,3.52,1.99,0.56,0.0,2.92,0.0,5.05,10.51,23.7,0.443,7.69,16.94,0.454,2.82,6.76,0.417,3.29,3.89,0.846
Craig Jarvis,Craigieburn,VBL Premier Men,Division 1 Men,Senior,Male,2003,0.833333333,18,34.91,18.52,4.17,3.52,7.69,2.55,0.93,0.23,0.0,2.82,0.0,3.29,7.45,18.33,0.406,6.99,16.76,0.417,0.46,1.57,0.293,4.07,6.62,0.615
Brett Rainbow,Ringwood,SCM 2006,Championship Men,Senior,Male,2006,0.833333333,8,34.9,16.35,3.75,0.73,4.48,1.67,0.94,0.42,0.0,1.25,0.0,2.08,5.73,13.75,0.417,2.71,4.9,0.553,3.02,8.85,0.341,1.87,2.5,0.748
Tony Burke,Darebin,D2M 2008,Division 2 Men,Senior,Male,2008,0.833333333,18,34.86,18.66,3.98,2.31,6.3,2.13,0.46,0.42,0.42,3.24,2.82,2.55,7.41,18.84,0.393,6.53,14.58,0.448,0.88,4.26,0.207,2.96,4.44,0.667
Scott Roberts,Shepparton,SCM 2005,Championship Men,Senior,Male,2005,0.833333333,24,34.86,18.02,6.77,3.09,9.86,2.15,0.73,0.8,0.0,3.26,0.0,3.23,7.19,14.2,0.506,6.94,13.61,0.51,0.24,0.59,0.407,3.4,4.83,0.704
Taylor Bell,Bendigo,YL1M 2007,Victorian Youth Championship Men,Youth,Male,2007,0.833333333,5,34.83,24.0,6.33,1.17,7.5,0.83,0.5,1.33,0.0,3.33,0.0,3.5,8.5,16.67,0.51,5.67,11.67,0.486,2.83,5.0,0.566,4.17,8.33,0.501
Daryl Corletto,Melbourne,SCM 2004,Championship Men,Senior,Male,2004,0.833333333,20,34.83,20.25,4.75,0.92,5.67,5.21,1.25,0.37,0.0,2.08,0.0,3.08,9.42,21.71,0.434,7.58,16.0,0.474,1.83,5.71,0.32,3.25,3.87,0.84
Jay Allen,Hawthorn,VBL Men Premier Championship,Division 1 Men,Senior,Male,2004,0.833333333,17,34.8,16.81,2.25,0.93,3.19,3.38,1.81,0.29,0.0,1.76,0.0,3.14,8.33,23.53,0.354,5.88,16.23,0.362,2.45,7.3,0.336,2.6,3.73,0.697
Luke Mcmillan,Ringwood,SCM 2009,Championship Men,Senior,Male,2009,0.833333333,21,34.8,25.63,5.75,1.83,7.58,1.31,0.2,1.07,0.79,1.67,5.56,1.9,9.13,16.63,0.549,7.38,12.02,0.614,1.75,4.6,0.38,5.63,6.94,0.811
Cameron Norton,Shepparton,D2M 2007,Division 2 Men,Senior,Male,2007,0.833333333,16,34.79,7.4,4.79,2.08,6.87,4.32,2.19,0.26,0.0,2.14,0.0,3.33,2.66,6.25,0.426,2.34,4.9,0.478,0.31,1.35,0.23,1.77,3.49,0.507
Brady Walmsey,McKinnon,D2M 2005,Division 2 Men,Senior,Male,2005,0.833333333,15,34.78,17.22,1.72,1.11,2.83,2.67,1.06,0.0,0.0,1.67,0.0,2.72,5.39,14.61,0.369,3.44,9.11,0.378,1.94,5.5,0.353,4.5,6.33,0.711
